,filename_solo,filename_track,melid,query_end,query_start,recordid,trackid
0,ArtPepper_Anthropology_Solo,ArtPepper_Anthropology_Orig,1,201,51,1,1
1,ArtPepper_BluesForBlanche_Solo,ArtPepper_BluesForBlanche_Orig,2,203,43,2,2
2,ArtPepper_Desafinado_Solo,ArtPepper_Desafinado_Orig,3,233,122,1,3
3,ArtPepper_InAMellowTone_Solo,ArtPepper_InAMellowTone_Orig,4,243,60,1,4
4,ArtPepper_Stardust-1_Solo,ArtPepper_Stardust_Orig,5,272,15,2,5
5,ArtPepper_Stardust-2_Solo,ArtPepper_Stardust_Orig,6,621,331,2,5
6,BennyCarter_IGotItBad_Solo,BennyCarter_IGotItBad_Orig,7,172,0,3,6
7,BennyCarter_It'sAWonderfulWorld-1_Solo,BennyCarter_It'sAWonderfulWorld_Orig,8,134,39,4,7
8,BennyCarter_It'sAWonderfulWorld-2_Solo,BennyCarter_It'sAWonderfulWorld_Orig,9,286,224,4,7
9,BennyCarter_JustFriends_Solo,BennyCarter_JustFriends_Orig,10,237,123,4,8
10,BennyCarter_LongAgoAndFarAway-1_Solo,BennyCarter_LongAgoAndFarAway_Orig,11,94,50,3,9
11,BennyCarter_LongAgoAndFarAway-2_Solo,BennyCarter_LongAgoAndFarAway_Orig,12,182,133,3,9
12,BennyCarter_SweetLorraine_Solo,BennyCarter_SweetLorraine_Orig,13,180,94,4,10
13,BennyGoodman_Avalon_Solo,BennyGoodman_Avalon_Orig,14,100,67,5,11
14,LionelHampton_Avalon_Solo,BennyGoodman_Avalon_Orig,285,130,99,5,11
15,BennyGoodman_HandfulOfKeys_Solo,BennyGoodman_HandfulOfKeys_Orig,15,126,113,6,12
16,BennyGoodman_Nobody'sSweetheart_Solo,BennyGoodman_Nobody'sSweetheart_Orig,16,94,64,5,13
17,BennyGoodman_Runnin'Wild_Solo,BennyGoodman_Runnin'Wild_Orig,17,99,71,5,14
18,LionelHampton_Runnin'Wild_Solo,BennyGoodman_Runnin'Wild_Orig,289,-1,-1,5,14
19,BennyGoodman_TigerRag-1_Solo,BennyGoodman_TigerRag_Orig,18,56,6,7,15
20,BennyGoodman_TigerRag-2_Solo,BennyGoodman_TigerRag_Orig,19,56,6,7,15
21,BennyGoodman_Whispering_Solo,BennyGoodman_Whispering_Orig,20,84,43,5,16
22,LionelHampton_Whispering_Solo,BennyGoodman_Whispering_Orig,290,-1,-1,5,16
23,BenWebster_ByeByeBlackbird_Solo,BenWebster_ByeByeBlackbird_Orig,21,341,178,8,17
24,BenWebster_DidYouCallHerToday_Solo,BenWebster_DidYouCallHerToday_Orig,22,342,212,8,18
25,HarryEdison_DidYouCallHerToday_Solo,BenWebster_DidYouCallHerToday_Orig,182,211,78,8,18
26,BenWebster_MyIdeal_Solo,BenWebster_MyIdeal_Orig,23,215,61,8,19
27,BenWebster_NightAndDay_Solo,BenWebster_NightAndDay_Orig,24,197,70,8,20
28,BenWebster_WhereOrWhen_Solo,BenWebster_WhereOrWhen_Orig,25,260,142,8,21
29,BixBeiderbecke_I'mComingVirginia_Solo,BixBeiderbecke_I'mComingVirginia_Orig,26,179,88,9,22
30,BixBeiderbecke_Margie_Solo,BixBeiderbecke_Margie_Orig,27,130,108,10,23
31,BixBeiderbecke_RiverboatShuffle_Solo,BixBeiderbecke_RiverboatShuffle_Orig,28,93,56,10,24
32,BixBeiderbecke_RoyalGardenBlues_Solo,BixBeiderbecke_RoyalGardenBlues_Orig,29,-1,-1,10,25
33,BixBeiderbecke_SinginTheBlues_Solo,BixBeiderbecke_SinginTheBlues_Orig,30,122,62,9,26
34,BobBerg_Angles_Solo,BobBerg_Angles_Orig,31,278,151,11,27
35,BobBerg_BluesForBela_Solo,BobBerg_BluesForBela_Orig,32,247,154,11,28
36,BobBerg_IDidn'tKnowWhatTimeItWas_Solo,BobBerg_ IDidn'tKnowWhatTimeItWas_Orig,33,548,343,12,29
37,BobBerg_NatureOfTheBeast_Solo,BobBerg_NatureOfTheBeast_Orig,34,291,94,13,30
38,BobBerg_NoMoe_Solo,BobBerg_NoMoe_Orig,35,187,48,13,31
39,BobBerg_SecondSight_Solo,Bob Berg_SecondSightEnterTheSpirit_Orig,36,176,98,11,32
40,BobBerg_YouAndTheNightAndTheMusic_Solo,BobBerg_YouAndTheNightAndTheMusic_Orig,37,165,70,14,33
41,BranfordMarsalis_GutbucketSteepy_Solo,BranfordMarsalis_GutbucketSteepy_Orig,38,-1,-1,15,34
42,BranfordMarsalis_HousedFromEdward-1_Solo,BranfordMarsalis_HousedFromEdward_Orig,39,-1,-1,15,35
43,BranfordMarsalis_HousedFromEdward-2_Solo,BranfordMarsalis_HousedFromEdward_Orig,40,-1,-1,15,35
44,BranfordMarsalis_TheNearnessOfYou_Solo,BranfordMarsalis_TheNearnessOfYou_Orig,41,-1,-1,15,36
45,BranfordMarsalis_ThreeLittleWords_Solo,BranfordMarsalis_ThreeLittleWords_Orig,42,-1,-1,15,37
46,BranfordMarsalis_Ummg_Solo,BranfordMarsalis_Ummg_Orig,43,-1,-1,15,38
47,BuckClayton_AfterTheatreJump_Solo,LesterYoung_AfterTheatreJump_Orig,44,135,91,16,39
48,DickieWells_AfterTheatreJump_Solo,LesterYoung_AfterTheatreJump_Orig,127,266,222,16,39
49,LesterYoung_AfterTheatreJump_Solo,LesterYoung_AfterTheatreJump_Orig,278,223,135,16,39
50,BuckClayton_DestinationK.C._Solo,LesterYoung_DestinationK.C._Orig,45,130,69,16,40
51,DickieWells_DestinationK.C._Solo,LesterYoung_DestinationK.C._Orig,128,69,37,16,40
52,LesterYoung_DestinationK.C._Solo,LesterYoung_DestinationK.C._Orig,281,194,131,16,40
53,BuckClayton_Dickie'sDream_Solo,LesterYoung_Dickie'sDream_Orig,46,71,38,17,41
54,DickieWells_Dickie'sDream_Solo,LesterYoung_Dickie'sDream_Orig,129,138,105,17,41
55,LesterYoung_Dickie'sDream_Solo,LesterYoung_Dickie'sDream_Orig,282,105,71,17,41
56,CannonballAdderley_HighFly_Solo,CannonballAdderley_HighFly_Orig,47,238,117,18,42
57,CannonballAdderley_SoWhat_Solo,MilesDavis_SoWhat_Orig,48,418,311,19,43
58,JohnColtrane_SoWhat_Solo,MilesDavis_SoWhat_Orig,233,310,202,19,43
59,MilesDavis_SoWhat_Solo,MilesDavis_SoWhat_Orig,323,202,90,19,43
60,CannonballAdderley_StarEyes_Solo,CannonballAdderley_StarEyes_Orig,49,253,164,20,44
61,CannonballAdderley_ThisHere_Solo,CannonballAdderley_ThisHere_Orig,50,325,158,21,45
62,CannonballAdderley_WorkSong_Solo,CannonballAdderley_WorkSong_Orig,51,147,49,22,46
63,NatAdderley_WorkSong_Solo,CannonballAdderley_WorkSong_Orig,335,224,147,22,46
64,CharlieParker_Billie'sBounce_Solo,CharlieParker_Billie'sBounce_Orig,52,114,41,23,47
65,CharlieParker_BluesForAlice_Solo,CharlieParker_BluesForAlice_Orig,53,-1,-1,24,48
66,CharlieParker_Don'tBlameMe_Solo,CharlieParker_Don'tBlameMe_Orig,54,-1,-1,25,49
67,CharlieParker_DonnaLee_Solo,CharlieParker_DonnaLee_Orig,55,104,33,26,50
68,CharlieParker_EmbraceableYou_Solo,CharlieParker_EmbraceableYou_Orig,56,-1,-1,27,51
69,CharlieParker_HowDeepIsTheOcean_Solo,CharlieParker_HowDeepIsTheOcean_Orig,57,121,11,28,52
70,CharlieParker_K.C.Blues_Solo,CharlieParker_K.C.Blues_Orig,58,-1,-1,29,53
71,MilesDavis_K.C.Blues_Solo,CharlieParker_K.C.Blues_Orig,317,-1,-1,29,53
72,CharlieParker_Ko=Ko_Solo,CharlieParker_Ko-Ko_Orig,59,105,36,30,54
73,CharlieParker_MyLittleSuedeShoes_Solo,CharlieParker_MyLittleSuedeShoes_Orig,60,-1,-1,31,55
74,CharlieParker_Ornithology_Solo,CharlieParker_Ornithology_Orig,61,75,39,32,56
75,CharlieParker_OutOfNowhere_Solo,CharlieParker_OutOfNowhere_Orig,62,128,13,33,57
76,CharlieParker_ScrappleFromTheApple_Solo,CharlieParker_ScrappleFromTheApple_Orig,63,88,49,25,58
77,CharlieParker_Segment_Solo,CharlieParker_Steeplechase_Orig,64,-1,-1,34,59
78,CharlieParker_Steeplechase_Solo,CharlieParker_Steeplechase_Orig,66,-1,-1,34,59
79,CharlieParker_StarEyes_Solo,CharlieParker_StarEyes_Orig,65,-1,-1,35,60
80,CharlieParker_ThrivingOnARiff_Solo,CharlieParker_ThrivingOnARiff_Orig,67,107,38,37,61
81,CharlieParker_YardbirdSuite_Solo,CharlieParker_YardbirdSuite_Orig,68,83,45,38,62
82,CharlieShavers_LimehouseBlues_Solo,SidneyBechet_LimehouseBlues_Orig,69,124,95,39,63
83,SidneyBechet_LimehouseBlues_Solo,SidneyBechet_LimehouseBlues_Orig,375,68,40,39,63
84,ChetBaker_IFallInLoveTooEasily_Solo,ChetBaker_IFallInLoveTooEasily_Orig,70,116,56,40,64
85,ChetBaker_JustFriends_Solo,ChetBaker_JustFriends_Orig,71,107,55,40,65
86,ChetBaker_Let'sGetLost_Solo,ChetBaker_Let'sGetLost_Orig,72,162,114,40,66
87,ChetBaker_LongAgoAndFarAway_Solo,ChetBaker_LongAgoAndFarAway_Orig,73,98,52,40,67
88,ChetBaker_ThereWillNeverBeAnotherYou-1_Solo,ChetBaker_ThereWillNeverBeAnotherYou_Orig,74,62,0,40,68
89,ChetBaker_ThereWillNeverBeAnotherYou-2_Solo,ChetBaker_ThereWillNeverBeAnotherYou_Orig,75,142,108,40,68
90,ChetBaker_Two'sBlues_Solo,JimHall_Two'sBlues_Orig,76,89,29,41,69
91,ChetBaker_You'dBeSoNiceToComeHomeTo_Solo,JimHall_You'dBeSoNiceToComeHomeTo_Orig,77,244,176,41,70
92,ChrisPotter_Anthropology_Solo,ChrisPotter_Anthropology_Orig,78,-1,-1,42,71
93,ChrisPotter_PopTune#1_Solo,ChrisPotter_PopTune#1_Orig,79,-1,-1,43,72
94,ChrisPotter_InASentimentalMood_Solo,ChrisPotter_InASentimentalMood_Orig,80,-1,-1,44,73
95,"ChrisPotter_Item1,D.I.T._Solo","SteveSwallow_Item1,D.I.T._Orig",81,-1,-1,45,74
96,ChrisPotter_Arjuna_Solo,ChrisPotter_Arjuna_Orig,82,-1,-1,43,75
97,ChrisPotter_Rumples_Solo,ChrisPotter_Rumples_Orig,83,-1,-1,46,76
98,ChrisPotter_Togo_Solo,ChrisPotter_Togo_Orig,84,-1,-1,43,77
99,ChuBerry_BodyAndSoul-1_Solo,ChuBerry_BodyAndSoul_Orig,85,104,13,47,78
100,ChuBerry_BodyAndSoul-2_Solo,ChuBerry_BodyAndSoul_Orig,86,215,180,47,78
101,RoyEldridge_BodyAndSoul_Solo,ChuBerry_BodyAndSoul_Orig,367,-1,-1,47,78
102,CliffordBrown_ANightInTunisia_Solo,ArtBlakeyQuintett_ANightInTunisia_Orig,87,-1,-1,48,79
103,CliffordBrown_Daahoud_Solo,CliffordBrown_Daahoud_Orig,88,102,38,49,80
104,CliffordBrown_George'sDilemma_Solo,CliffordBrown_George'sDilemma_Orig,89,170,69,50,81
105,CliffordBrown_I'llRememberApril_AlternateTake2_Solo,CliffordBrown_I'llRememberApril-AlternateTake2_Orig,90,209,128,51,82
106,CliffordBrown_I'llRememberApril_Solo,CliffordBrown_I'llRememberApril_Orig,91,183,101,52,83
107,SonnyRollins_I'llRememberApril_Solo,CliffordBrown_I'llRememberApril_Orig,382,263,184,52,83
108,CliffordBrown_Jordu_Solo,CliffordBrown_Jordu_Orig,92,168,57,53,84
109,CliffordBrown_JoySpring_Solo,CliffordBrown_JoySpring_Orig,93,200,106,54,85
110,CliffordBrown_Sandu_Solo,CliffordBrown_Sandu_Orig,94,85,39,55,86
111,CliffordBrown_Stompin'AtTheSavoy_Solo,CliffordBrown_Stompin'AtTheSavoy_Orig,95,241,147,49,87
112,ColemanHawkins_BodyAndSoul_Solo,ColemanHawkins_BodyAndSoul_Orig,96,175,5,56,88
113,ColemanHawkins_It'sOnlyAPapermoon_Solo,ColemanHawkins_It'sOnlyAPapermoon_Orig,97,122,64,57,89
114,ColemanHawkins_MyBlueHeaven_Solo,ColemanHawkins_MyBlueHeaven_Orig,98,118,58,57,90
115,ColemanHawkins_Perdido_Solo,ColemanHawkins_Perdido_Orig,99,141,51,57,91
116,RexStewart_Perdido_Solo,ColemanHawkins_Perdido_Orig,366,226,140,57,91
117,ColemanHawkins_SophisticatedLady_Solo,ColemanHawkins_SophisticatedLady_Orig,100,187,13,57,92
118,ColemanHawkins_Stompin'AtTheSavoy_Solo,ColemanHawkins_Stompin'AtTheSavoy_Orig,101,101,37,58,93
119,CurtisFuller_BlueTrain_Solo,JohnColtrane_BlueTrain_Orig,102,424,313,59,94
120,JohnColtrane_BlueTrain_Solo,JohnColtrane_BlueTrain_Orig,218,204,37,59,94
121,LeeMorgan_BlueTrain_Solo,JohnColtrane_BlueTrain_Orig,274,313,203,59,94
122,CurtisFuller_DownUnder_Solo,ArtBlakey_DownUnder_Orig,103,185,143,60,95
123,FreddieHubbard_DownUnder_Solo,ArtBlakey_DownUnder_Orig,167,229,185,60,95
124,WayneShorter_DownUnder_Solo,ArtBlakey_DownUnder_Orig,428,143,97,60,95
125,DavidLiebman_BeginTheBeguine_Solo,DavidLiebman_BeginTheBeguine_Orig,104,-1,-1,61,96
126,DavidLiebman_Day&Nite_Solo,DavidLiebman_Day&Nite_Orig,105,237,48,62,97
127,DavidLiebman_I'veGotYouUnderMySkin_Solo,DavidLiebman_I'veGotYouUnderMySkin_Orig,106,226,71,61,98
128,DavidLiebman_Milestones_Solo,DavidLiebman_Milestones_Orig,107,228,133,63,99
129,DavidLiebman_Nica'sDream_Solo,DavidLiebman_Nica'sDream_Orig,108,217,117,63,100
130,DavidLiebman_NoGreaterLove_Solo,DavidLiebman_NoGreaterLove_Orig,109,113,40,64,101
131,DavidLiebman_Pablo'sStory_Solo,DavidLiebman_Pablo'sStory_Orig,110,371,187,62,102
132,DavidLiebman_Pendulum_Solo,DavidLiebman_Pendulum_Orig,111,211,72,62,103
133,DavidLiebman_SecretLove_Solo,DavidLiebman_SecretLove_Orig,112,206,78,64,104
134,DavidLiebman_SoftlyAsInAMorningSunrise_Solo,DavidLiebman_SoftlyAsInAMorningSunrise_Orig,113,261,47,62,105
135,DavidLiebman_ThereWillNeverBeAnotherYou_Solo,DavidLiebman_ThereWillNeverBeAnotherYou_Orig,114,-1,-1,64,106
136,DavidMurray_AskMeNow_Solo,DavidMurray_AskMeNow_Orig,115,222,163,65,107
137,DavidMurray_BluesForTwo-1_Solo,DavidMurray_BluesForTwo_Orig,116,354,17,66,108
138,DavidMurray_BluesForTwo-2_Solo,DavidMurray_BluesForTwo_Orig,117,490,437,66,108
139,DavidMurray_BodyAndSoul-1_Solo,DavidMurray_BodyAndSoul_CD_MorningSun_Orig,118,238,121,67,109
140,DavidMurray_BodyAndSoul-2_Solo,DavidMurray_BodyAndSoul_CD_MorningSun_Orig,119,328,297,67,109
141,DavidMurray_ChelseaBridge_Solo,DavidMurray_ChelseaBridge_Orig,120,288,148,66,110
142,DexterGordon_Cheesecake_Solo,DexterGordon_CheeseCake_Orig,121,195,71,68,111
143,DexterGordon_Dextivity_Solo,DexterGordon_Dextivity_Orig,122,133,50,69,112
144,DexterGordon_Montmartre_Solo,DexterGordon_Montmartre_Orig,123,211,56,70,113
145,DexterGordon_SocietyRed_Solo,DexterGordon_Society Red_Orig,124,483,237,71,114
146,FreddieHubbard_SocietyRed_Solo,DexterGordon_Society Red_Orig,169,227,77,71,114
147,DexterGordon_StanleyTheSteamer_Solo,DexterGordon_StanleyTheSteamer_Orig,125,224,34,70,115
148,DexterGordon_TheRainbowPeople_Solo,DexterGordon_TheRainbowPeople_Orig,126,267,69,70,116
149,DickieWells_IGotRhythm_Solo,DickieWells_IGotRhythm_Orig,130,-1,-1,72,117
150,DickieWells_Jo=Jo_Solo,DickieWells_Jo=Jo_Orig,131,-1,-1,72,118
151,DickieWells_SixCatsAndAPrince_Solo,LesterYoung_SixCatsAndAPrince_Orig,132,212,176,16,119
152,LesterYoung_SixCatsAndAPrince_Solo,LesterYoung_SixCatsAndAPrince_Orig,284,177,106,16,119
153,DizzyGillespie_Anthropology_Solo,DizzyGillespie_Anthropology_Orig,133,95,63,73,120
154,DizzyGillespie_Be=Bop_Solo,DizzyGillespie_Be=Bop_Orig,134,168,88,74,121
155,DonByas_Be=Bop_Solo,DizzyGillespie_Be=Bop_Orig,139,88,35,74,121
156,DizzyGillespie_Blue'NBoogie_Solo,DizzyGillespie_Blue'NBoogie_Orig,135,145,87,74,122
157,DizzyGillespie_CognacBlues_Solo,DonByas_CognacBlues_Orig,136,144,101,75,123
158,DonByas_CognacBlues_Solo,DonByas_CognacBlues_Orig,141,101,53,75,123
159,DizzyGillespie_Groovin'High_Solo,DizzyGillespie_Groovin'High_Orig,137,239,157,74,124
160,DizzyGillespie_HotHouse_Solo,DizzyGillespie_HotHouse_Orig,138,-1,-1,74,125
161,DonByas_BodyAndSoul_Solo,DonByas_BodyAndSoul_Orig,140,162,9,76,126
162,DonByas_HarvardBlues-1_Solo,DonByas_HarvardBlues_Orig,142,68,40,77,127
163,DonByas_HarvardBlues-2_Solo,DonByas_HarvardBlues_Orig,143,186,155,77,127
164,DonByas_Infidele(Cry)_Solo,DonByas_Infidele(Cry)_Orig,144,135,67,75,128
165,DonByas_OutOfNowhere_Solo,Don Byas_OutOfNowhere_Orig,145,195,122,77,129
166,DonByas_UnAmourPleurait_Solo,DonByas_UnAmourPleurait_Orig,146,157,82,75,130
167,DonEllis_ILoveYou_Solo,DonEllis_ILoveYou_Orig,147,210,107,78,131
168,DonEllis_JohnnyComeLately_Solo,DonEllis_JohnnyComeLately_Orig,148,112,35,78,132
169,DonEllis_OutOfNowhere_Solo,DonEllis_OutOfNowhere_Orig,149,104,49,78,133
170,DonEllis_SweetAndLovely_Solo,DonEllis_SweetAndLovely_Orig,150,181,63,78,134
171,DonEllis_YouSteppedOutOfADream-1_Solo,DonEllis_YouSteppedOutOfADream_Orig,151,76,35,78,135
172,DonEllis_YouSteppedOutOfADream-2_Solo,DonEllis_YouSteppedOutOfADream_Orig,152,205,162,78,135
173,EricDolphy_245_Solo,EricDolphy_245_Orig,153,361,240,79,136
174,FreddieHubbard_245_Solo,EricDolphy_245_Orig,165,163,41,79,136
175,EricDolphy_Aisha_solo,JohnColtrane_Aisha_Orig,154,257,193,80,137
176,EricDolphy_DahomeyDance_Solo,JohnColtrane_DahomeyDance_Orig,155,509,372,80,138
177,EricDolphy_Les_Solo,EricDolphy_Les_Orig,156,92,33,81,139
178,EricDolphy_OnGreenDolphinStreet_Solo,EricDolphy_OnGreenDolphinStreet_Orig,157,145,55,81,140
179,EricDolphy_Serene_Solo,EricDolphy_Serene_Orig,158,163,40,81,141
180,FatsNavarro_Anthropology_No1_Solo,FatsNavarro_Anthropology_No1_Orig,159,139,88,82,142
181,FatsNavarro_DoubleTalk_Solo,FatsNavarro_DoubleTalk_Orig,160,154,49,83,143
182,FatsNavarro_GoodBait_No2_Solo,FatsNavarro_GoodBait_No2_Orig,161,172,118,82,144
183,FatsNavarro_GoodBait_No1_Solo,FatsNavarro_GoodBait_No1_Orig,162,172,118,82,145
184,FatsNavarro_OurDelight_Solo,FatsNavarro_OurDelight_Orig,163,121,81,82,146
185,FatsNavarro_TheSkunk_Solo,FatsNavarro_TheSkunk_Orig,164,108,72,83,147
186,FreddieHubbard_DolphinDance_Solo,HerbieHancock_DolphinDance_Orig,166,213,80,84,148
187,FreddieHubbard_MaidenVoyage_Solo,HerbieHancock_MaidenVoyage_Orig,168,265,145,85,149
188,GeorgeColeman_MaidenVoyage_Solo,HerbieHancock_MaidenVoyage_Orig,171,265,145,85,149
189,FreddieHubbard_SpeakNoEvil_Solo,WayneShorter_SpeakNoEvil,170,341,259,86,150
190,WayneShorter_SpeakNoEvil_Solo,WayneShorter_SpeakNoEvil,435,260,91,86,150
191,GerryMulligan_Bunny_Solo,GerryMulligan_Bunny_Orig,172,210,144,87,151
192,JohnnyHodges_Bunny_Solo,GerryMulligan_Bunny_Orig,241,143,76,87,151
193,GerryMulligan_LineForLyons_Solo,GerryMulligan_LineForLyons_Orig,173,90,43,87,152
194,GerryMulligan_ScrappleFromTheApple_Solo,GerryMulligan_ScrappleFromTheApple_Orig,174,187,64,87,153
195,GerryMulligan_TheRedDoor_Solo,GerryMulligan_TheRedDoor_Orig,175,264,197,87,154
196,GerryMulligan_ThisCan'tBeLove_Solo,GerryMulligan_ThisCan'tBeLove_Orig,176,377,209,87,155
197,GerryMulligan_WalkingShoes_Solo,GerryMulligan_WalkingShoes_Orig,177,115,56,88,156
198,HankMobley_Doodlin'_Solo,HoraceSilver_Doodlin'_Orig,178,213,139,89,157
199,KennyDorham_Doodlin'_Solo,HoraceSilver_Doodlin'_Orig,250,286,213,89,157
200,HankMobley_LadyBird_Solo,HoraceSilver_LadyBird_Orig,179,241,137,90,158
201,KennyDorham_LadyBird_Solo,HoraceSilver_LadyBird_Orig,252,137,45,90,158
202,HankMobley_Remember_Solo,HankMobley_Remember_Orig,180,-1,-1,91,159
203,HankMobley_SoulStation_Solo,HankMobley_SoulStation_Orig,181,277,84,91,160
204,HenryAllen_BabyWon'tYouPleaseComeHome_Solo,SidneyBechet_BabyWon'tYouPleaseComeHome_Orig,183,-1,-1,39,161
205,JCHigginbotham_BabyWon'tYouPleaseComeHome_Solo,SidneyBechet_BabyWon'tYouPleaseComeHome_Orig,189,69,28,39,161
206,SidneyBechet_BabyWon'tYouPleaseComeHome_Solo,SidneyBechet_BabyWon'tYouPleaseComeHome_Orig,373,28,8,39,161
207,HerbieHancock_Agitation_Solo,MilesDavis_Agitation_Orig,184,-1,-1,92,162
208,MilesDavis_Agitation_Solo,MilesDavis_Agitation_Orig,309,-1,-1,92,162
209,HerbieHancock_Dolores_Solo,MilesDavis_Dolores_Orig,185,-1,-1,93,163
210,MilesDavis_Dolores_Solo,MilesDavis_Dolores_Orig,314,116,34,93,163
211,WayneShorter_Dolores_Solo,MilesDavis_Dolores_Orig,427,190,117,93,163
212,HerbieHancock_GingerbreadBoy_Solo,MilesDavis_Gingerbreadboy_Orig,186,-1,-1,93,164
213,HerbieHancock_HandJive_Solo,MilesDavis_HandJive_Orig,187,-1,-1,94,165
214,HerbieHancock_Orbits_Solo,MilesDavis_Orbits_Orig,188,-1,-1,93,166
215,MilesDavis_Orbits_Solo,MilesDavis_Orbits_Orig,322,98,28,93,166
216,WayneShorter_Orbits_Solo,MilesDavis_Orbits_Orig,434,163,98,93,166
217,JJJohnson_BlueMode_Solo,SonnyStitt_BlueMode_Orig,190,127,36,95,167
218,SonnyStitt_BlueMode_Solo,SonnyStitt_BlueMode_Orig,391,220,127,95,167
219,JJJohnson_BluesInTheCloset_Solo,StanGetz_BluesInTheCloset_Orig,191,235,36,96,168
220,StanGetz_BluesInTheCloset_Solo,StanGetz_BluesInTheCloset_Orig,397,423,234,96,168
221,JJJohnson_CrazyRhythm_Solo,StanGetz_CrazyRhythm_Orig,192,172,30,96,169
222,StanGetz_CrazyRhythm_Solo,StanGetz_CrazyRhythm_Orig,399,385,172,96,169
223,JJJohnson_Elora_Solo,SonnyStitt_Elora_Orig,193,128,89,97,170
224,SonnyStitt_Elora_Solo,SonnyStitt_Elora_Orig,394,89,50,97,170
225,JJJohnson_MyFunnyValentine_Solo,StanGetz_MyFunnyValentine_Orig,194,197,63,96,171
226,StanGetz_MyFunnyValentine_Solo,StanGetz_MyFunnyValentine_Orig,402,396,198,96,171
227,JJJohnson_Teapot_Solo,SonnyStitt_Teapot_Orig,195,55,6,95,172
228,SonnyStitt_Teapot_Solo,SonnyStitt_Teapot_Orig,396,105,55,95,172
229,JJJohnson_Walkin'_Solo,MilesDavis_Walkin'_Orig,196,-1,-1,98,173
230,MilesDavis_Walkin'_Solo,MilesDavis_Walkin'_Orig,327,-1,-1,98,173
231,JJJohnson_Yesterdays_Solo,StanGetz_Yesterdays_Orig,197,190,69,96,174
232,JoeHenderson_In'NOut-1_Solo,JoeHenderson_In'NOut_Orig,198,215,27,99,175
233,JoeHenderson_In'NOut-2_Solo,JoeHenderson_In'NOut_Orig,199,593,510,99,175
234,KennyDorham_In'NOut_Solo,JoeHenderson_In'NOut_Orig,251,510,390,99,175
235,JoeHenderson_JohnnyComeLately_Solo,JoeHenderson_JohnnyComeLately_Orig,200,189,95,100,176
236,WyntonMarsalis_JohnnyComeLately_Solo,JoeHenderson_JohnnyComeLately_Orig,448,95,31,100,176
237,JoeHenderson_Punjab_Solo,JoeHenderson_Punjab_Orig,201,204,69,99,177
238,KennyDorham_Punjab_Solo,JoeHenderson_Punjab_Orig,254,317,205,99,177
239,JoeHenderson_Serenity_Solo,JoeHenderson_Serenity_Orig,202,196,89,99,178
240,KennyDorham_Serenity_Solo,JoeHenderson_Serenity_Orig,255,196,89,99,178
241,JoeHenderson_TheSidewinder_Solo,LeeMorgan_TheSidewinder_Orig,203,-1,-1,101,179
242,LeeMorgan_TheSidewinder_Solo,LeeMorgan_TheSidewinder_Orig,276,-1,-1,101,179
243,JoeHenderson_TotemPole_Solo,LeeMorgan_TotemPole_Orig,204,-1,-1,101,180
244,LeeMorgan_TotemPole_Solo,LeeMorgan_TotemPole_Orig,277,-1,-1,101,180
245,JoeHenderson_U.M.M.G._Solo,JoeHenderson_U.M.M.G._Orig,205,116,45,100,181
246,WyntonMarsalis_U.M.M.G._Solo,JoeHenderson_U.M.M.G._Orig,449,186,116,100,181
247,JoeLovano_BodyAndSoul-1_Solo,JoeLovano_BodyAndSoul_Orig,206,298,44,102,182
248,JoeLovano_BodyAndSoul-2_Solo,JoeLovano_BodyAndSoul_Orig,207,442,350,102,182
249,JoeLovano_CentralParkWest_Solo,JoeLovano_CentralParkWest_Orig,208,359,153,102,183
250,JoeLovano_ConAlma_Solo,BillDobbins_ConAlma_Orig,209,144,79,103,184
251,JoeLovano_ICan'tGetStarted_Solo,JoeLovano_ICan'tGetStarted_Orig,210,225,0,104,185
252,JoeLovano_LittleWillieLeapsIn_Solo,JoeLovano_LittleWillieLeapsIn_Orig,211,-1,-1,105,186
253,JoeLovano_Lonnie'sLament-1_Solo,JoeLovano_Lonnie'sLament_Orig,212,-1,-1,106,187
254,JoeLovano_Work_Solo,JoeLovano_Work_Orig,213,269,159,102,188
255,JohnAbercrombie_Ralph'sPianoWaltz_Solo,DavidLiebman_Ralph'sPianoWaltz_Orig,214,143,65,107,189
256,JohnColtrane_26=2_Solo,JohnColtrane_26=2_Orig,215,198,39,108,190
257,JohnColtrane_Bessie'sBlues_Solo,JohnColtrane_Bessie'sBlues_Orig,216,-1,-1,109,191
258,JohnColtrane_BluesByFive_Solo,MilesDavis_BluesByFive_Orig,217,301,189,110,192
259,MilesDavis_BluesByFive_Solo,MilesDavis_BluesByFive_Orig,313,187,56,110,192
260,JohnColtrane_BodyAndSoul_AlternateTake_Solo,JohnColtrane_BodyAndSoul_AlternateTake_Orig,219,140,28,111,193
261,JohnColtrane_BodyAndSoul_Solo,JohnColtrane_BodyAndSoul_Orig,220,124,14,111,194
262,JohnColtrane_Countdown_Solo,JohnColtrane_Countdown_Orig,221,113,23,112,195
263,JohnColtrane_GiantSteps-1_Solo,JohnColtrane_GiantSteps_Orig,222,174,26,113,196
264,JohnColtrane_GiantSteps-2_Solo,JohnColtrane_GiantSteps_Orig,223,250,224,113,196
265,JohnColtrane_Impressions_1961_Solo,JohnColtrane_Impressions_1961_Orig,224,840,30,114,197
266,JohnColtrane_Impressions_1963_Solo,JohnColtrane_Impressions_1963_Orig,225,397,0,115,198
267,JohnColtrane_Mr.P.C._Solo,JohnColtrane_Mr.P.C._Orig,226,202,22,112,199
268,JohnColtrane_MyFavoriteThings-1_Solo,JohnColtrane_MyFavoriteThings_Orig,227,583,447,116,200
269,JohnColtrane_MyFavoriteThings-2_Solo,JohnColtrane_MyFavoriteThings_Orig,228,137,600,116,200
270,JohnColtrane_NatureBoy_Solo,JohnColtrane_NatureBoy_Orig,229,365,110,117,201
271,JohnColtrane_Nutty_Solo,JohnColtrane_Nutty_Orig,230,-1,-1,118,202
272,JohnColtrane_Oleo_Solo,MilesDavis_Oleo_Orig,231,202,88,119,203
273,MilesDavis_Oleo-1_Solo,MilesDavis_Oleo_Orig,320,87,30,119,203
274,MilesDavis_Oleo-2_Solo,MilesDavis_Oleo_Orig,321,317,261,119,203
275,RedGarland_Oleo_Solo,MilesDavis_Oleo_Orig,365,-1,-1,119,203
276,JohnColtrane_Soultrane_Solo,JohnColtrane_Soultrane_Orig,232,-1,-1,118,204
277,JohnColtrane_Trane'sBlues_Solo,JohnColtrane_Trane'sBlues_Orig,234,-1,-1,118,205
278,MilesDavis_Trane'sBlues_Solo,JohnColtrane_Trane'sBlues_Orig,324,-1,-1,118,205
279,JohnnyDodds_GotNoBlues_Solo,LouisArmstrong_GotNoBlues_Orig,235,146,120,120,206
280,KidOry_GotNoBlues_Solo,LouisArmstrong_GotNoBlues_Orig,261,174,146,120,206
281,LouisArmstrong_GotNoBlues_Solo,LouisArmstrong_GotNoBlues_Orig,294,120,63,120,206
282,JohnnyDodds_HeebieJeebies_Solo,LouisArmstrong_HeebieJeebies_Orig,236,-1,-1,120,207
283,JohnnyDodds_HotterThanThat_Solo,LouisArmstrong_HotterThanThat_Orig,237,79,43,120,208
284,JohnnyDodds_MuskratRamble_Solo,LouisArmstrong_MuskratRamble_Orig,238,104,83,120,209
285,KidOry_MuskratRamble_Solo,LouisArmstrong_MuskratRamble_Orig,263,61,43,120,209
286,LouisArmstrong_MuskratRamble_Solo,LouisArmstrong_MuskratRamble_Orig,296,83,61,120,209
287,JohnnyDodds_MyHeart_Solo,LouisArmstrong_MyHeart_Orig,239,83,61,120,210
288,JohnnyDodds_OnceInAWhile_Solo,LouisArmstrong_OnceInAWhile_Orig,240,151,116,120,211
289,LouisArmstrong_OnceInAWhile_Solo,LouisArmstrong_OnceInAWhile_Orig,297,192,154,120,211
290,JohnnyHodges_EarlyMorningRock_Solo,JohnnyHodges_EarlyMorningRock_Orig,242,-1,-1,121,212
291,JoshuaRedman_BluesOnSunday_Solo,JoshuaRedman_BluesOnSunday_Orig,243,175,44,122,213
292,JoshuaRedman_HomeFries_Solo,JoshuaRedman_HomeFries-1_Orig,244,171,41,123,214
293,JoshuaRedman_IGotYou_Solo,JoshuaRedman_IGotYou(IFeelGood)_Orig,245,147,85,122,215
294,JoshuaRedman_SweetSorrow_Solo,JoshuaRedman_SweetSorrow_Orig,246,342,180,124,216
295,JoshuaRedman_TearsInHeaven_Solo,JoshuaRedman_TearsInHeaven_Orig,247,164,62,125,217
296,KaiWinding_Tiny'sBlues_Solo,FatsNavarro_Tiny'sBlues_Orig,248,166,101,82,218
297,KennyDorham_BluesInBe=Bop_Solo,SonnyStitt_BluesInBe=Bop_Orig,249,113,81,97,219
298,SonnyStitt_BluesInBe=Bop_Solo,SonnyStitt_BluesInBe=Bop_Orig,392,51,21,97,219
299,KennyDorham_PrinceAlbert_Solo,HoraceSilver_PrinceAlbert_Orig,253,242,69,89,220
300,KennyGarrett_BrotherHubbard-1_Solo,KennyGarrett_BrotherHubbard_Orig,256,184,102,126,221
301,KennyGarrett_BrotherHubbard-2_Solo,KennyGarrett_BrotherHubbard_Orig,257,370,278,126,221
302,KennyWheeler_DoubleVision_Solo,DaveHolland_DoubleVision_Orig,258,135,46,127,222
303,SteveColeman_DoubleVision_Solo,DaveHolland_DoubleVision_Orig,405,356,174,127,222
304,KennyWheeler_PassItOn_Solo,SteveColeman_PassItOn_Orig,259,312,240,128,223
305,SteveColeman_PassItOn_Solo,SteveColeman_PassItOn_Orig,406,130,53,128,223
306,VonFreeman_PassItOn_Solo,SteveColeman_PassItOn_Orig,422,238,133,128,223
307,KennyWheeler_SlippedAgain_Solo,SteveColeman_SlippedAgain_Orig,260,193,129,128,224
308,SteveColeman_SlippedAgain_Solo,SteveColeman_SlippedAgain_Orig,409,324,258,128,224
309,KidOry_GutBucketBlues_Solo,LouisArmstrong_GutBucketBlues_Orig,262,95,78,120,225
310,LouisArmstrong_GutBucketBlues_Solo,LouisArmstrong_GutBucketBlues_Orig,295,135,115,120,225
311,KidOry_SavoyBlues_Solo,LouisArmstrong_SavoyBlues_Orig,264,157,135,120,226
312,LouisArmstrong_SavoyBlues_Solo,LouisArmstrong_SavoyBlues_Orig,298,134,88,120,226
313,KidOry_Who'sit_Solo,LouisArmstrong_Who'sit_Orig,265,72,36,120,227
314,LeeKonitz_AllTheThingsYouAre_Solo,LeeKonitz_AllTheThingsYouAre_Orig,266,179,29,129,228
315,LeeKonitz_BopGoesToLeesel_Solo,LeeKonitz_BopGoesToLeesel_Orig,267,102,25,129,229
316,LeeKonitz_Crosscurrent_Solo,LeeKonitz_Crosscurrent_Orig,268,90,60,130,230
317,WarneMarsh_Crosscurrent_Solo,LeeKonitz_Crosscurrent_Orig,423,120,90,130,230
318,LeeKonitz_I'llRememberApril_Solo,LeeKonitz_I'llRememberApril_Orig,269,314,160,129,231
319,LeeKonitz_Marshmallow_Solo,WarneMarsh_Marshmallow_Orig,270,-1,-1,131,232
320,LeeKonitz_MeanToMe_Solo,LeeKonitz_MeanToMe_Orig,271,165,25,129,233
321,LeeKonitz_Tautology_Solo,WarneMarsh_Tautology_Orig,272,-1,-1,131,234
322,WarneMarsh_Tautology_Solo,WarneMarsh_Tautology_Orig,424,-1,-1,131,234
323,LeeKonitz_Wow-1_Solo,LeeKonitz_Wow_Orig,273,66,46,130,235
324,WarneMarsh_Wow-1_Solo,LeeKonitz_Wow_Orig,425,111,87,130,235
325,LeeMorgan_JustOneOfThoseThings_Solo,PepperAdams_JustOneOfThoseThings_Orig,275,-1,-1,132,236
326,PepperAdams_JustOneOfThoseThings_Solo,PepperAdams_JustOneOfThoseThings_Orig,357,168,67,132,236
327,LesterYoung_BodyAndSoul_Solo,LesterYoung_BodyAndSoul_Orig,279,105,0,133,237
328,LesterYoung_D.B.Blues_Solo,LesterYoung_D.B. Blues_Orig,280,71,0,134,238
329,LesterYoung_LesterLeapsIn_Solo,LesterYoung_LesterLeapsIn_Orig,283,95,34,137,239
330,LionelHampton_Dinah_Solo,LionelHampton_Dinah_Orig,286,-1,-1,138,240
331,LionelHampton_HighSociety_Solo,LionelHampton_HighSociety_Orig,287,-1,-1,139,241
332,LionelHampton_MemoriesOfYou_Solo,LionelHampton_MemoriesOfYou_Orig,288,-1,-1,139,242
333,LouisArmstrong_BasinStreetBlues_Solo,LouisArmstrong_BasinStreetBlues_Orig,291,188,122,140,243
334,LouisArmstrong_BigButterAndEggMan_Solo,LouisArmstrong_BigButterAndEggMan_Orig,292,-1,-1,120,244
335,LouisArmstrong_CornetChopSuey_Solo,LouisArmstrong_CornetChopSuey_Orig,293,-1,-1,120,245
336,MichaelBrecker_CabinFever_Solo,MichaelBrecker_CabinFever_Orig,299,-1,-1,141,246
337,MichaelBrecker_Confirmation_Solo,MichaelBrecker_Confirmation_Orig,300,329,39,142,247
338,MichaelBrecker_DeltaCityBlues_Solo,MichaelBrecker_DeltaCityBlues_Orig,301,241,156,143,248
339,MichaelBrecker_IMeanYou_Solo,MichaelBrecker_IMeanYou_Orig,302,-1,-1,144,249
340,MichaelBrecker_MidnightVoyage_Solo,MichaelBrecker_MidnightVoyage_Orig,303,231,77,145,250
341,MichaelBrecker_NakedSoul_Solo,MichaelBrecker_NakedSoul_Orig,304,-1,-1,146,251
342,MichaelBrecker_NeverAlone_Solo,MichaelBrecker_NeverAlone_Orig,305,217,125,147,252
343,MichaelBrecker_NothingPersonal_Solo,MichaelBrecker_NothingPersonal_Orig,306,263,142,148,253
344,MichaelBrecker_Peep_Solo,MichaelBrecker_Peep_Orig,307,129,25,149,254
345,MichaelBrecker_SongForBilbao_Solo,MichaelBrecker_SongForBilbao_Orig,308,-1,-1,146,255
346,MilesDavis_Airegin_Solo,MilesDavis_Airegin_Orig,310,165,45,150,256
347,SonnyRollins_Airegin_Solo,MilesDavis_Airegin_Orig,378,261,155,150,256
348,MilesDavis_BitchesBrew-1_Solo,MilesDavis_BitchesBrew_Orig,311,-1,-1,151,257
349,MilesDavis_BitchesBrew-2_Solo,MilesDavis_BitchesBrew_Orig,312,-1,-1,151,257
350,MilesDavis_E.S.P._Solo,MilesDavis_E.S.P._Orig,315,244,84,153,258
351,WayneShorter_E.S.P._Solo,MilesDavis_E.S.P._Orig,429,84,29,153,258
352,MilesDavis_Eighty=One_Solo,MilesDavis_Eighty=One_Orig,316,168,44,153,259
353,WayneShorter_Eighty=One_Solo,MilesDavis_Eighty=One_Orig,430,272,169,153,259
354,MilesDavis_MilesRunsTheVoodooDown-1_Solo,MilesDavis_MilesRunsTheVoodooDown_Orig,318,-1,-1,154,260
355,MilesDavis_MilesRunsTheVoodooDown-2_Solo,MilesDavis_MilesRunsTheVoodooDown_Orig,319,-1,-1,154,260
356,MilesDavis_TuneUp_Solo,MilesDavis_TuneUp_Orig,325,-1,-1,155,261
357,MilesDavis_VierdBlues_Solo,MilesDavis_VierdBlues_Orig,326,128,26,156,262
358,SonnyRollins_VierdBlues_Solo,MilesDavis_VierdBlues_Orig,390,279,130,156,262
359,MiltJackson_AllTheThingsYouAre_Solo,MiltJackson_AllTheThingsYouAre_Orig,328,140,85,157,263
360,MiltJackson_Bag'sGroove_Solo,MiltJackson_Bag'sGroove_Orig,329,69,34,158,264
361,MiltJackson_BemshaSwing_Solo,MiltJackson_BemshaSwing_Orig,330,-1,-1,159,265
362,MiltJackson_Don'tGetAroundMuchAnymore_Solo,MiltJackson_Don'tGetAroundMuchAnymore_Orig,331,130,88,158,266
363,MiltJackson_SoftlyAsInAMorningSunrise_Solo,MiltJackson_SoftlyAsInAMorningSunrise_Orig,332,236,65,157,267
364,MiltJackson_What'sNew_Solo,MiltJackson_What'sNew_Orig,333,165,117,158,268
365,NatAdderley_BohemiaAfterDark_Solo,CannonballAdderley_BohemiaAfterDark_Orig,334,211,133,18,269
366,OrnetteColeman_BirdFood_Solo,OrnetteColeman_BirdFood_Orig,336,286,168,160,270
367,OrnetteColeman_Chronology_Solo,OrnetteColeman_Chronology_Orig,337,325,164,161,271
368,OrnetteColeman_Congeniality_Solo,OrnetteColeman_Congeniality_Orig,338,226,57,161,272
369,OrnetteColeman_Peace_Solo,OrnetteColeman_Peace_Orig,339,266,99,161,273
370,OrnetteColeman_Ramblin'_Solo,OrnetteColeman_Ramblin'_Orig,340,177,45,160,274
371,PatMartino_AlongCameBetty_Solo,PatMartino_AlongCameBetty_Orig,341,186,60,162,275
372,PatMetheny_AllTheThingsYouAre_Solo,PatMetheny_AllTheThingsYouAre_Orig,342,198,27,163,276
373,PatMetheny_CabinFever_Solo,MichaelBrecker_CabinFever_Orig,343,267,194,141,246
374,PatMetheny_MidnightVoyage_Solo,MichaelBrecker_MidnightVoyage_Orig,344,306,231,145,250
375,PatMetheny_NothingPersonal_Solo,MichaelBrecker_NothingPersonal_Orig,345,143,71,148,253
376,PaulDesmond_Alianca-1_Solo,PaulDesmond_Alianca_Orig,346,109,41,164,280
377,PaulDesmond_Alianca-2_Solo,PaulDesmond_Alianca_Orig,347,246,174,164,280
378,PaulDesmond_AloneTogether_Solo,PaulDesmond_AloneTogether_Orig,348,221,62,165,281
379,PaulDesmond_BlueRondoAlaTurk_Solo,PaulDesmond_BlueRondoALaTurk_Orig,349,-1,-1,166,282
380,PaulDesmond_BossaAntigua_Solo,PaulDesmond_BossaAntigua_Orig,350,131,51,164,283
381,PaulDesmond_SambaCantina-1_Solo,PaulDesmond_SambaCantina_Orig,351,167,62,164,284
382,PaulDesmond_SambaCantina-2_Solo,PaulDesmond_SambaCantina_Orig,352,331,266,164,284
383,PaulDesmond_TheGirlFromEast9thStreet_Solo,PaulDesmond_TheGirlFromEast9thStreet_Orig,353,177,69,164,285
384,PepperAdams_ANightInTunisia_Solo,PepperAdams_ANightInTunisia_Orig,354,342,222,132,286
385,PepperAdams_EarlyMorningMood_Solo,PepperAdams_EarlyMorningMood_Orig,355,194,98,167,287
386,PepperAdams_HowHighTheMoon_Solo,PepperAdams_HowHighTheMoon_Orig,356,101,68,167,288
387,PepperAdams_You'dBeSoNiceToComeHomeTo_Solo,PepperAdams_You'dBeSoNiceToComeHomeTo_Orig,358,177,133,167,289
388,PhilWoods_BeMyLove_Solo,PhilWoods_BeMyLove_Orig,359,-1,-1,168,290
389,PhilWoods_CottonTail_Solo,PhilWoods_CottonTail_Orig,360,-1,-1,169,291
390,PhilWoods_CrazyRhythm_Solo,PhilWoods_CrazyRhythm_Orig,361,-1,-1,169,292
391,PhilWoods_HoneysuckleRose_Solo,PhilWoods_HoneysuckleRose_Orig,362,-1,-1,169,293
392,PhilWoods_OnASlowBoatToChina_Solo,PhilWoods_OnASlowBoatToChina_Orig,363,-1,-1,170,294
393,PhilWoods_Strollin'WithPam_Solo,PhilWoods_Strollin'WithPam_Orig,364,-1,-1,171,295
394,RoyEldridge_KingDavid_Solo,ZootSims_KingDavid_Orig,368,-1,-1,172,296
395,ZootSims_KingDavid_Solo,ZootSims_KingDavid_Orig,454,81,51,172,296
396,RoyEldridge_St.LouisBlues_Solo,RoyEldridge_StLouisBlues_Orig,369,45,10,173,297
397,RoyEldridge_TheGasser-1_Solo,RoyEldridge_TheGasser_Orig,370,70,0,173,298
398,RoyEldridge_TheGasser-2_Solo,RoyEldridge_TheGasser_Orig,371,168,104,173,298
399,RoyEldridge_Undecided_Solo,ZootSims_Undecided_Orig,372,134,69,172,299
400,SidneyBechet_I'mComingVirginia_Solo,SidneyBechet_I'mComingVirginia,374,96,67,39,300
401,SidneyBechet_ReallyTheBlues_Solo,SidneyBechet_ReallyTheBlues_Orig,376,215,133,174,301
402,SidneyBechet_Summertime_Solo,SidneyBechet_Summertime_Orig,377,244,54,174,302
403,SonnyRollins_BlueSeven-1_Solo,SonnyRollins_BlueSeven_Orig,379,172,65,175,303
404,SonnyRollins_BlueSeven-2_Solo,SonnyRollins_BlueSeven_Orig,380,486,378,175,303
405,SonnyRollins_BlueSeven-3_Solo,SonnyRollins_BlueSeven_Orig,381,-1,-1,175,303
406,SonnyRollins_Playin'InTheYard-1_Solo,SonnyRollins_Playin'InTheYard_Orig,383,127,50,177,304
407,SonnyRollins_Playin'InTheYard-2_Solo,SonnyRollins_Playin'InTheYard_Orig,384,608,546,177,304
408,SonnyRollins_St.Thomas-1_Solo,SonnyRollins_St.Thomas_Orig,385,148,55,178,305
409,SonnyRollins_St.Thomas-2_Solo,SonnyRollins_St.Thomas_Orig,386,302,233,178,305
410,SonnyRollins_TenorMadness_Solo,SonnyRollins_TenorMadness_Orig,387,266,131,175,306
411,SonnyRollins_TheEverywhereCalypso-1_Solo,SonnyRollins_TheEverywhereCalypso_Orig,388,182,61,177,307
412,SonnyRollins_TheEverywhereCalypso-2_Solo,SonnyRollins_TheEverywhereCalypso_Orig,389,455,268,177,307
413,SonnyStitt_BodyAndSoul_Solo,SonnyStitt_BodyAndSoul_Orig,393,131,13,97,308
414,SonnyStitt_GoodKick_Solo,SonnyStitt_GoodKick_Orig,395,87,43,97,309
415,StanGetz_BodyAndSoul_Solo,StanGetz_BodyAndSoul_Orig,398,193,12,179,310
416,StanGetz_I'mGladThereIsYou_Solo,StanGetz_I'mGladThereIsYou_Orig,400,191,134,180,311
417,StanGetz_Insensatez_Solo,StanGetz_Insensatez_Orig,401,138,76,180,312
418,SteveColeman_Cross-Fade-1_Solo,SteveColeman_Cross-Fade_Orig,403,46,0,181,313
419,SteveColeman_Cross-Fade-2_Solo,SteveColeman_Cross-Fade_Orig,404,77,60,181,313
420,SteveColeman_Processional_Solo,DaveHolland_Processional_Orig,407,167,25,182,314
421,SteveColeman_Segment_Solo,DaveHolland_Segment_Orig,408,196,32,183,315
422,SteveColeman_TakeTheColtrane_Solo,Dave Holland_TakeTheColtrane_Orig,410,196,25,184,316
423,SteveColeman_TheOracle-1_Solo,DaveHolland_TheOracle_Orig,411,254,1,182,317
424,SteveColeman_TheOracle-2_Solo,DaveHolland_TheOracle_Orig,412,814,628,182,317
425,SteveLacy_AloneTogether_Solo,SteveLacy_AloneTogether_Orig,413,250,171,185,318
426,SteveLacy_AskMeNow_Solo,SteveLacy_AskMeNow_Orig,414,275,190,186,319
427,SteveLacy_EasyToLove_Solo,SteveLacy_EasyToLove_Orig,415,242,55,185,320
428,SteveLacy_Let'sCoolOne_Solo,SteveLacy_Let'sCoolOne_Orig,416,291,175,185,321
429,SteveLacy_Skippy_Solo,SteveLacy_Skippy_Orig,417,117,30,187,322
430,SteveLacy_Work_Solo,SteveLacy_Work_Orig,418,143,50,185,323
431,SteveTurre_DatDere_Solo,WoodyShaw_DatDere_Orig,419,349,217,188,324
432,WoodyShaw_DatDere_Solo,WoodyShaw_DatDere_Orig,436,217,80,188,324
433,SteveTurre_IfIWereABell_Solo,WoodyShaw_IfIWereABell_Orig,420,220,161,188,325
434,WoodyShaw_IfIWereABell_Solo,WoodyShaw_IfIWereABell_Orig,437,100,39,188,325
435,SteveTurre_Steve'sBlues_Solo,WoodyShaw_Steve'sBlues_Orig,421,95,36,188,326
436,WoodyShaw_Steve'sBlues_Solo,WoodyShaw_Steve'sBlues_Orig,443,166,95,188,326
437,WayneShorter_Adam'sApple_Solo,WayneShorter_Adam'sApple_Orig,426,215,81,190,327
438,WayneShorter_Footprints_Solo,WayneShorter_Footprints_Orig,431,204,105,190,328
439,WayneShorter_InfantEyes_Solo,WayneShorter_InfantEyes_Orig,432,284,155,191,329
440,WayneShorter_JuJu_Solo,WayneShorter_Juju_Orig,433,329,157,191,330
441,WoodyShaw_Imagination_Solo,WoodyShaw_Imagination_Orig,438,332,175,188,331
442,WoodyShaw_InACapricornianWay_Solo,WoodyShaw_InACapricornianWay_Orig,439,242,64,192,332
443,WoodyShaw_Rahsaan'sRun_Solo,WoodyShaw_Rahsaan'sRun_Orig,440,100,42,193,333
444,WoodyShaw_Rosewood_Solo,WoodyShaw_Rosewood_Orig,441,-1,-1,193,334
445,WoodyShaw_SteppingStone-1_Solo,WoodyShaw_SteppingStone(Live)_Orig,442,-1,-1,192,335
446,WyntonMarsalis_AprilInParis_Solo,WyntonMarsalis_AprilInParis_Orig,444,-1,-1,194,336
447,WyntonMarsalis_Caravan_Solo,WyntonMarsalis_Caravan_Orig,445,-1,-1,194,337
448,WyntonMarsalis_CherokeeII_Solo,WyntonMarsalis_CherokeeII_Orig,446,-1,-1,194,338
449,WyntonMarsalis_Cherokee_Solo,WyntonMarsalis_Cherokee_Orig,447,-1,-1,194,339
450,WyntonMarsalis_You'reMyEverything_Solo,WyntonMarsalis_You'reMyEverything_Orig,450,-1,-1,195,340
451,ZootSims_AllTheThingsYouAre_Solo,ZootSims_AllTheThingsYouAre_Orig,451,95,59,172,341
452,ZootSims_DancingInTheDark-1_Solo,ZootSims_DancingInTheDark_Orig,452,71,8,196,342
453,ZootSims_DancingInTheDark-2_Solo,ZootSims_DancingInTheDark_Orig,453,206,133,196,342
454,ZootSims_NightAndDay-1_Solo,ZootSims_NightAndDay_Orig,455,-1,-1,196,343
455,ZootSims_NightAndDay-2_Solo,ZootSims_NightAndDay_Orig,456,-1,-1,196,343
